<?xml version="1.0" encoding="UTF-8"?>
<project-private xmlns="http://www.netbeans.org/ns/project-private/1">
    <editor-bookmarks xmlns="http://www.netbeans.org/ns/editor-bookmarks/2" lastBookmarkId="0"/>
    <open-files xmlns="http://www.netbeans.org/ns/projectui-open-files/2">
        <group>
            <file>file:/C:/Users/Sowrav%20Dey/Documents/NetBeansProjects/Online_Quiz_Application/src/fxml/AddQuizFXMLController.java</file>
            <file>file:/C:/Users/Sowrav%20Dey/Documents/NetBeansProjects/Online_Quiz_Application/src/models/Student.java</file>
            <file>file:/C:/Users/Sowrav%20Dey/Documents/NetBeansProjects/Online_Quiz_Application/src/controllers/AdminStudentTabFXMLController.java</file>
            <file>file:/C:/Users/Sowrav%20Dey/Documents/NetBeansProjects/Online_Quiz_Application/src/controllers/AddQuizFXMLController.java</file>
            <file>file:/C:/Users/Sowrav%20Dey/Documents/NetBeansProjects/Online_Quiz_Application/src/start/StartApp.java</file>
            <file>file:/C:/Users/Sowrav%20Dey/Documents/NetBeansProjects/Online_Quiz_Application/src/fxml/AdminStudentTabFXMLController.java</file>
        </group>
    </open-files>
</project-private>
