{"response_code":0,"results":[{"category":"Entertainment: Music",
    "type":"multiple","difficulty":"medium",
        "question":"What was the title of ABBA`s first UK hit single?",
            "correct_answer":"Waterloo",
                "incorrect_answers":["Mamma Mia","Fernando","Dancing Queen"]},
        {"category":
            "Entertainment: Music",
                "type":"multiple",
                    "difficulty":"medium",
                        "question":"Who had a 1976 hit with the song &#039;You Make Me Feel Like Dancing&#039;?",
                            "correct_answer":"Leo Sayer",
                                "incorrect_answers":["Elton John","Billy Joel","Andy Gibb"]},
        {"category":"Entertainment: Music",
            "type":"multiple",
                "difficulty":"medium",
                    "question":"According to a Beatles song, who kept her face in a jar by the door?",
                        "correct_answer":"Eleanor Rigby",
                            "incorrect_answers":["Loretta Martin","Molly Jones","Lady Madonna"]},
        {"category":"Entertainment: Music",
            "type":"multiple",
                "difficulty":"medium",
                    "question":"Which singer was featured in Swedish producer Avicii&#039;s song &quot;Wake Me Up&quot;?",
                        "correct_answer":"Aloe Blacc",
                            "incorrect_answers":["John Legend","CeeLo Green","Pharrell Williams"]},
        {"category":"Entertainment: Music",
            "type":"multiple",
                "difficulty":"medium",
                    "question":"Which one of these artists appears in the album Deltron 3030?",
                        "correct_answer":"Dan the Automater",
                            "incorrect_answers":["Lamarr Kendrick","Danger Mouse","CeeLo Green"]},
        {"category":"Entertainment: Music",
            "type":"multiple",
                "difficulty":"medium",
                    "question":"Madonna&#039;s song &quot;Hung Up&quot; includes a piece from which popular 70s song?",
                        "correct_answer":"Gimmie! Gimmie! Gimme! (A Man After Midnight)",
                            "incorrect_answers":["Staying Alive","Night Fever","The Chain"]},
        {"category":"Entertainment: Music","type":"multiple",
            "difficulty":"medium",
                "question":"Which of these is NOT the name of an album released by American rapper Viper?",
                    "correct_answer":"The Life of Pablo",
                        "incorrect_answers":["Kill Urself My Man","You&#039;ll Cowards Don&#039;t Even Smoke Crack","Yo Wife Handcuffin&#039; Me"]},{"category":"Entertainment: Music","type":"multiple","difficulty":"medium","question":"Which of these bands are NOT from Australia?","correct_answer":"The Naked and Famous","incorrect_answers":["Cut Copy","Empire of the Sun","Tame Impala"]},{"category":"Entertainment: Music","type":"multiple","difficulty":"medium","question":"Which of these is not an Ed Sheeran album?","correct_answer":"-","incorrect_answers":["+","X","&divide;"]},{"category":"Entertainment: Music","type":"multiple","difficulty":"medium","question":"In which year did &quot;Caravan Palace&quot; release their first album?","correct_answer":"2008","incorrect_answers":["2000","2015","2004"]},{"category":"Entertainment: Music","type":"multiple","difficulty":"medium","question":"Moby, an American DJ, singer, and musician, achieved worldwide success for the 1999 release of which of the following albums?","correct_answer":"Play","incorrect_answers":["Everything Is Wrong","Moby","18"]},{"category":"Entertainment: Music","type":"multiple","difficulty":"medium","question":"Where did the British Boy Band &quot;Bros&quot; come from?","correct_answer":"Camberley","incorrect_answers":["Guildford","Aldershot","Bagshot"]},{"category":"Entertainment: Music","type":"multiple","difficulty":"medium","question":"&#039;74&ndash;&#039;75 is a 1993 single from the album Ring by what American band?","correct_answer":"The Connells","incorrect_answers":["R.E.M.","The Ocean Blue","The Bangles"]},{"category":"Entertainment: Music","type":"multiple","difficulty":"medium","question":"Rick Astley&#039;s hit song &quot;Never Gonna Give You Up&quot; was released in what year?","correct_answer":"1987","incorrect_answers":["1985","1986","1988"]},{"category":"Entertainment: Music","type":"multiple","difficulty":"medium","question":"Which artist curated the official soundtrack for &quot;The Hunger Games: Mockingjay - Part 1&quot;?","correct_answer":"Lorde","incorrect_answers":["Kanye West","Tove Lo","Charli XCX"]}]}