
{"response_code":0,"results":[{"category":"Science: Computers","type":"multiple","difficulty":"medium","question":"Whistler was the codename of this Microsoft Operating System.","correct_answer":"Windows XP","incorrect_answers":["Windows 2000","Windows 7","Windows 95"]},{"category":"Science: Computers","type":"multiple","difficulty":"medium","question":"What five letter word is the motto of the IBM Computer company?","correct_answer":"Think","incorrect_answers":["Click","Logic","Pixel"]},{"category":"Science: Computers","type":"multiple","difficulty":"medium","question":"On which computer hardware device is the BIOS chip located?","correct_answer":"Motherboard","incorrect_answers":["Hard Disk Drive","Central Processing Unit","Graphics Processing Unit"]},{"category":"Science: Computers","type":"multiple","difficulty":"medium","question":"The computer OEM manufacturer Clevo, known for its Sager notebook line, is based in which country?","correct_answer":"Taiwan","incorrect_answers":["United States","Germany","China (People&#039;s Republic of)"]},{"category":"Science: Computers","type":"multiple","difficulty":"medium","question":"What was the first commerically available computer processor?","correct_answer":"Intel 4004","incorrect_answers":["Intel 486SX","TMS 1000","AMD AM386"]},{"category":"Science: Computers","type":"multiple","difficulty":"medium","question":"On which day did the World Wide Web go online?","correct_answer":"December 20, 1990","incorrect_answers":["December 17, 1996","November 12, 1990","November 24, 1995"]},{"category":"Science: Computers","type":"multiple","difficulty":"medium","question":"Generally, which component of a computer draws the most power?","correct_answer":"Video Card","incorrect_answers":["Hard Drive","Processor","Power Supply"]},{"category":"Science: Computers","type":"multiple","difficulty":"medium","question":"Which one of these is not an official development name for a Ubuntu release?","correct_answer":"Mystic Mansion","incorrect_answers":["Trusty Tahr","Utopic Unicorn","Wily Werewolf"]},{"category":"Science: Computers","type":"multiple","difficulty":"medium","question":"What is the name of the default theme that is installed with Windows XP?","correct_answer":"Luna","incorrect_answers":["Neptune","Whistler","Bliss"]},{"category":"Science: Computers","type":"multiple","difficulty":"medium","question":"In the programming language &quot;Python&quot;, which of these statements would display the string &quot;Hello World&quot; correctly?","correct_answer":"print(&quot;Hello World&quot;)","incorrect_answers":["console.log(&quot;Hello World&quot;)","echo &quot;Hello World&quot;","printf(&quot;Hello World&quot;)"]},{"category":"Science: Computers","type":"multiple","difficulty":"medium","question":"In programming, the ternary operator is mostly defined with what symbol(s)?","correct_answer":"?:","incorrect_answers":["??","if then","?"]},{"category":"Science: Computers","type":"multiple","difficulty":"medium","question":"Which operating system was released first?","correct_answer":"Mac OS","incorrect_answers":["Windows","Linux","OS\/2"]},{"category":"Science: Computers","type":"multiple","difficulty":"medium","question":"Which of the following is a personal computer made by the Japanese company Fujitsu?","correct_answer":"FM-7","incorrect_answers":["PC-9801","Xmillennium ","MSX"]},{"category":"Science: Computers","type":"multiple","difficulty":"medium","question":".at is the top-level domain for what country?","correct_answer":"Austria","incorrect_answers":["Argentina","Australia","Angola"]},{"category":"Science: Computers","type":"multiple","difficulty":"medium","question":"When did the online streaming service &quot;Mixer&quot; launch?","correct_answer":"2016","incorrect_answers":["2013","2009","2011"]},{"category":"Science: Computers","type":"multiple","difficulty":"medium","question":"Laserjet and inkjet printers are both examples of what type of printer?","correct_answer":"Non-impact printer","incorrect_answers":["Impact printer","Daisywheel printer","Dot matrix printer"]},{"category":"Science: Computers","type":"multiple","difficulty":"medium","question":"What does the term MIME stand for, in regards to computing?","correct_answer":"Multipurpose Internet Mail Extensions","incorrect_answers":["Mail Internet Mail Exchange","Multipurpose Interleave Mail Exchange","Mail Interleave Method Exchange"]},{"category":"Science: Computers","type":"multiple","difficulty":"medium","question":"Which programming language was developed by Sun Microsystems in 1995?","correct_answer":"Java","incorrect_answers":["Python","Solaris OS","C++"]},{"category":"Science: Computers","type":"multiple","difficulty":"medium","question":"Approximately how many Apple I personal computers were created?","correct_answer":"200","incorrect_answers":["100","500","1000"]},{"category":"Science: Computers","type":"multiple","difficulty":"medium","question":"What does RAID stand for?","correct_answer":"Redundant Array of Independent Disks","incorrect_answers":["Rapid Access for Indexed Devices","Range of Applications with Identical Designs","Randomized Abstract Identification Description"]}]}
