<?xml version="1.0" encoding="UTF-8"?>
<project-private xmlns="http://www.netbeans.org/ns/project-private/1">
    <editor-bookmarks xmlns="http://www.netbeans.org/ns/editor-bookmarks/2" lastBookmarkId="0"/>
    <open-files xmlns="http://www.netbeans.org/ns/projectui-open-files/2">
        <group>
            <file>file:/C:/Users/Sowrav%20Dey/Documents/NetBeansProjects/Online_Quiz_Application/src/fxml/Student/ProgressCircleFXML.fxml</file>
            <file>file:/C:/Users/Sowrav%20Dey/Documents/NetBeansProjects/Online_Quiz_Application/src/controllers/AdminHomeScreenFXMLController.java</file>
            <file>file:/C:/Users/Sowrav%20Dey/Documents/NetBeansProjects/Online_Quiz_Application/src/controllers/student/ProgressCircleFXMLController.java</file>
            <file>file:/C:/Users/Sowrav%20Dey/Documents/NetBeansProjects/Online_Quiz_Application/src/fxml/AdminHomeScrnFxml.fxml</file>
            <file>file:/C:/Users/Sowrav%20Dey/Documents/NetBeansProjects/Online_Quiz_Application/src/controllers/student/StudentHomeFXMLController.java</file>
        </group>
    </open-files>
</project-private>
