<?xml version="1.0" encoding="UTF-8"?>
<project-private xmlns="http://www.netbeans.org/ns/project-private/1">
    <editor-bookmarks xmlns="http://www.netbeans.org/ns/editor-bookmarks/2" lastBookmarkId="0"/>
    <open-files xmlns="http://www.netbeans.org/ns/projectui-open-files/2">
        <group>
            <file>file:/D:/Java%20project/Online_Quiz_Application/src/fxml_files/AdminHomeScreenFxml.fxml</file>
            <file>file:/D:/Java%20project/Online_Quiz_Application/src/online_quiz_application/FXMLDocumentController.java</file>
            <file>file:/D:/Java%20project/Online_Quiz_Application/src/controllers/AdminHomeScreenFxmlController.java</file>
            <file>file:/D:/Java%20project/Online_Quiz_Application/src/constant/AdminEmailPassword.java</file>
            <file>file:/D:/Java%20project/Online_Quiz_Application/src/online_quiz_application/Online_Quiz_Application.java</file>
        </group>
    </open-files>
</project-private>
